"Competition Name","Season","Match Date","Home Team","Away Team","    ","Score Home","Score Away","    ","Score Home HT","Score Away HT","    ","Odds Home", "Odds Away"
"Top 14","2013/14","31.05.2014 14:00","Toulon","Castres Olympique","","18","10","","12","10","","0.285714285714","3.0"
"Top 14","2013/14","17.05.2014 09:30","Montpellier Herault RC","Castres Olympique","","19","22","","10","13","","0.5","1.625"
"Top 14","2013/14","16.05.2014 13:45","Toulon","Racing 92","","16","6","","7","6","","0.4","2.0"
"Top 14","2013/14","10.05.2014 09:30","Clermont","Castres Olympique","","16","22","","9","6","","0.111111111111","5.5"
"Top 14","2013/14","09.05.2014 13:45","Stade Toulousain","Racing 92","","16","21","","3","12","","0.285714285714","2.75"
"Top 14","2013/14","03.05.2014 07:45","Bayonne","Castres Olympique","","23","13","","10","6","","0.5","1.625"
"Top 14","2013/14","03.05.2014 07:45","Bordeaux Begles","Biarritz","","54","20","","32","17","","0.0","16.0"
"Top 14","2013/14","03.05.2014 07:45","Brive","Union Sportive Oyonnax","","19","17","","6","3","","0.4","2.0"
"Top 14","2013/14","03.05.2014 07:45","Clermont","Usap Perpignan","","25","22","","16","16","","0.0909090909091","8.0"
"Top 14","2013/14","03.05.2014 07:45","Montpellier Herault RC","Racing 92","","44","10","","23","3","","0.3","2.5"
"Top 14","2013/14","03.05.2014 07:45","Stade Toulousain","Grenoble FC","","38","8","","7","3","","0.0","12.0"
"Top 14","2013/14","03.05.2014 07:45","Toulon","Stade Francais","","17","15","","3","10","","0.0909090909091","6.5"
"Top 14","2013/14","19.04.2014 13:35","Stade Francais","Bordeaux Begles","","37","23","","29","13","","0.142857142857","4.5"
"Top 14","2013/14","19.04.2014 11:30","Biarritz","Brive","","19","13","","9","3","","0.5","1.625"
"Top 14","2013/14","19.04.2014 11:30","Grenoble FC","Bayonne","","21","21","","13","7","","0.363636363636","2.2"
"Top 14","2013/14","19.04.2014 11:30","Racing 92","Clermont","","22","6","","9","6","","0.333333333333","2.4"
"Top 14","2013/14","19.04.2014 10:00","Usap Perpignan","Toulon","","31","46","","18","26","","1.0","0.8"
"Top 14","2013/14","19.04.2014 07:55","Union Sportive Oyonnax","Stade Toulousain","","19","19","","10","9","","0.8","1.0"
"Top 14","2013/14","18.04.2014 13:45","Castres Olympique","Montpellier Herault RC","","22","15","","16","9","","0.4","2.0"
"Top 14","2013/14","12.04.2014 13:35","Stade Toulousain","Brive","","16","9","","13","3","","0.0","10.0"
"Top 14","2013/14","12.04.2014 11:30","Bayonne","Stade Francais","","24","19","","12","10","","0.444444444444","1.8"
"Top 14","2013/14","12.04.2014 11:30","Grenoble FC","Montpellier Herault RC","","30","36","","6","27","","1.2","0.666666666667"
"Top 14","2013/14","12.04.2014 11:30","Racing 92","Biarritz","","37","7","","10","7","","None","20.0"
"Top 14","2013/14","12.04.2014 11:30","Usap Perpignan","Union Sportive Oyonnax","","22","12","","13","6","","0.166666666667","4.0"
"Top 14","2013/14","12.04.2014 08:00","Bordeaux Begles","Toulon","","20","22","","17","6","","0.571428571429","1.375"
"Top 14","2013/14","11.04.2014 13:45","Clermont","Castres Olympique","","23","11","","6","8","","0.0909090909091","6.5"
"Top 14","2013/14","05.04.2014 13:35","Union Sportive Oyonnax","Bordeaux Begles","","26","12","","16","12","","0.666666666667","1.2"
"Top 14","2013/14","29.03.2014 14:45","Toulon","Stade Toulousain","","32","28","","16","13","","0.2","3.5"
"Top 14","2013/14","29.03.2014 12:30","Biarritz","Castres Olympique","","34","34","","19","15","","2.75","0.285714285714"
"Top 14","2013/14","29.03.2014 12:30","Bordeaux Begles","Usap Perpignan","","23","5","","16","5","","0.142857142857","4.5"
"Top 14","2013/14","29.03.2014 12:30","Montpellier Herault RC","Bayonne","","43","27","","19","17","","0.0","9.0"
"Top 14","2013/14","29.03.2014 12:30","Union Sportive Oyonnax","Grenoble FC","","40","13","","23","6","","0.25","3.0"
"Top 14","2013/14","29.03.2014 08:55","Stade Francais","Racing 92","","22","32","","6","18","","0.571428571429","1.375"
"Top 14","2013/14","28.03.2014 14:45","Brive","Clermont","","26","24","","20","3","","0.8","1.0"
"Top 14","2013/14","22.03.2014 14:35","Grenoble FC","Racing 92","","13","26","","10","16","","0.571428571429","1.375"
"Top 14","2013/14","22.03.2014 12:30","Bayonne","Bordeaux Begles","","22","23","","10","20","","0.363636363636","2.2"
"Top 14","2013/14","22.03.2014 12:30","Castres Olympique","Brive","","38","6","","16","3","","0.1","6.0"
"Top 14","2013/14","22.03.2014 12:30","Union Sportive Oyonnax","Montpellier Herault RC","","8","22","","0","6","","0.571428571429","1.375"
"Top 14","2013/14","22.03.2014 12:30","Usap Perpignan","Biarritz","","16","10","","10","10","","0.0","12.0"
"Top 14","2013/14","22.03.2014 09:00","Stade Francais","Stade Toulousain","","27","27","","27","8","","0.571428571429","1.375"
"Top 14","2013/14","21.03.2014 14:45","Clermont","Toulon","","22","16","","13","6","","0.166666666667","4.0"
"Top 14","2013/14","14.03.2014 14:45","Biarritz","Union Sportive Oyonnax","","22","24","","10","8","","0.571428571429","1.375"
"Top 14","2013/14","02.03.2014 08:00","Biarritz","Bayonne","","8","11","","0","8","","0.571428571429","1.375"
"Top 14","2013/14","01.03.2014 13:35","Stade Toulousain","Usap Perpignan","","37","9","","15","9","","0.0909090909091","7.0"
"Top 14","2013/14","01.03.2014 11:30","Brive","Grenoble FC","","31","6","","6","6","","0.2","3.5"
"Top 14","2013/14","01.03.2014 11:30","Racing 92","Castres Olympique","","25","15","","14","6","","0.333333333333","2.4"
"Top 14","2013/14","01.03.2014 11:30","Toulon","Union Sportive Oyonnax","","64","10","","31","3","","None","25.0"
"Top 14","2013/14","01.03.2014 07:55","Bordeaux Begles","Clermont","","26","16","","9","13","","0.666666666667","1.2"
"Top 14","2013/14","28.02.2014 13:45","Montpellier Herault RC","Stade Francais","","19","10","","0","0","","0.142857142857","4.5"
"Top 14","2013/14","23.02.2014 10:05","Bayonne","Toulon","","9","15","","9","6","","0.666666666667","1.2"
"Top 14","2013/14","22.02.2014 13:35","Castres Olympique","Stade Toulousain","","29","27","","10","22","","0.25","3.0"
"Top 14","2013/14","22.02.2014 11:30","Bordeaux Begles","Racing 92","","25","9","","19","6","","0.285714285714","2.75"
"Top 14","2013/14","22.02.2014 11:30","Grenoble FC","Biarritz","","20","22","","10","6","","0.0909090909091","6.5"
"Top 14","2013/14","22.02.2014 11:30","Stade Francais","Union Sportive Oyonnax","","29","26","","21","19","","0.125","5.0"
"Top 14","2013/14","22.02.2014 11:30","Usap Perpignan","Brive","","12","6","","3","6","","0.4","2.0"
"Top 14","2013/14","22.02.2014 07:30","Clermont","Montpellier Herault RC","","42","16","","25","6","","0.2","3.5"
"Top 14","2013/14","15.02.2014 13:35","Brive","Stade Francais","","28","12","","6","6","","0.363636363636","2.2"
"Top 14","2013/14","15.02.2014 11:30","Biarritz","Stade Toulousain","","6","16","","6","13","","2.0","0.4"
"Top 14","2013/14","15.02.2014 11:30","Montpellier Herault RC","Usap Perpignan","","50","19","","33","16","","0.111111111111","5.5"
"Top 14","2013/14","15.02.2014 11:30","Racing 92","Bayonne","","18","8","","9","0","","0.111111111111","5.5"
"Top 14","2013/14","15.02.2014 07:55","Toulon","Castres Olympique","","19","13","","9","0","","0.111111111111","5.5"
"Top 14","2013/14","14.02.2014 13:45","Grenoble FC","Clermont","","16","13","","9","10","","0.8","1.0"
"Top 14","2013/14","08.02.2014 13:35","Stade Toulousain","Montpellier Herault RC","","12","15","","6","3","","0.166666666667","4.0"
"Top 14","2013/14","08.02.2014 11:30","Bayonne","Brive","","9","6","","3","3","","0.2","3.5"
"Top 14","2013/14","08.02.2014 11:30","Castres Olympique","Union Sportive Oyonnax","","17","16","","11","10","","0.0","9.0"
"Top 14","2013/14","08.02.2014 11:30","Toulon","Biarritz","","33","20","","10","14","","None","18.0"
"Top 14","2013/14","08.02.2014 11:30","Usap Perpignan","Racing 92","","19","19","","11","9","","0.5","1.625"
"Top 14","2013/14","08.02.2014 07:30","Clermont","Stade Francais","","25","13","","12","6","","0.0909090909091","7.5"
"Top 14","2013/14","07.02.2014 13:45","Bordeaux Begles","Grenoble FC","","38","17","","17","3","","0.333333333333","2.4"
"Top 14","2013/14","25.01.2014 13:35","Brive","Toulon","","23","10","","20","3","","1.1","0.714285714286"
"Top 14","2013/14","25.01.2014 11:30","Bayonne","Clermont","","18","9","","9","6","","0.571428571429","1.375"
"Top 14","2013/14","25.01.2014 11:30","Grenoble FC","Usap Perpignan","","25","19","","10","3","","0.25","3.0"
"Top 14","2013/14","25.01.2014 11:30","Montpellier Herault RC","Bordeaux Begles","","28","23","","14","6","","0.1","6.0"
"Top 14","2013/14","25.01.2014 07:55","Racing 92","Stade Toulousain","","25","5","","18","0","","0.444444444444","1.8"
"Top 14","2013/14","24.01.2014 13:45","Stade Francais","Castres Olympique","","32","6","","12","6","","0.333333333333","2.5"
"Top 14","2013/14","05.01.2014 13:45","Stade Toulousain","Clermont","","19","12","","13","9","","0.333333333333","2.4"
"Top 14","2013/14","04.01.2014 13:35","Brive","Montpellier Herault RC","","15","9","","12","6","","0.545454545455","1.5"
"Top 14","2013/14","04.01.2014 11:30","Biarritz","Stade Francais","","6","18","","6","5","","1.0","0.8"
"Top 14","2013/14","04.01.2014 11:30","Union Sportive Oyonnax","Racing 92","","6","0","","3","0","","0.714285714286","1.1"
"Top 14","2013/14","04.01.2014 11:30","Usap Perpignan","Bayonne","","20","8","","10","3","","0.125","4.5"
"Top 14","2013/14","04.01.2014 07:55","Toulon","Grenoble FC","","21","22","","9","12","","0.0","16.0"
"Top 14","2013/14","03.01.2014 13:45","Castres Olympique","Bordeaux Begles","","15","9","","6","6","","0.0909090909091","7.5"
"Top 14","2013/14","29.12.2013 14:00","Racing 92","Toulon","","14","3","","6","3","","0.714285714286","1.1"
"Top 14","2013/14","29.12.2013 12:00","Bayonne","Stade Toulousain","","21","13","","8","13","","0.8","1.0"
"Top 14","2013/14","29.12.2013 12:00","Bordeaux Begles","Brive","","27","23","","8","13","","0.8","1.0"
"Top 14","2013/14","29.12.2013 10:00","Clermont","Union Sportive Oyonnax","","33","19","","20","3","","None","25.0"
"Top 14","2013/14","29.12.2013 10:00","Grenoble FC","Castres Olympique","","20","16","","10","9","","0.333333333333","2.4"
"Top 14","2013/14","29.12.2013 10:00","Montpellier Herault RC","Biarritz","","48","22","","27","10","","0.0","16.0"
"Top 14","2013/14","29.12.2013 08:00","Stade Francais","Usap Perpignan","","19","12","","10","3","","0.0909090909091","7.5"
"Top 14","2013/14","21.12.2013 13:35","Stade Toulousain","Bordeaux Begles","","18","16","","12","13","","0.0","10.0"
"Top 14","2013/14","21.12.2013 11:30","Brive","Racing 92","","9","9","","3","3","","0.545454545455","1.5"
"Top 14","2013/14","21.12.2013 11:30","Castres Olympique","Usap Perpignan","","37","13","","20","6","","0.1","6.0"
"Top 14","2013/14","21.12.2013 11:30","Clermont","Biarritz","","35","6","","6","3","","None","20.0"
"Top 14","2013/14","21.12.2013 11:30","Union Sportive Oyonnax","Bayonne","","9","6","","6","0","","0.25","3.0"
"Top 14","2013/14","21.12.2013 07:55","Toulon","Montpellier Herault RC","","43","10","","19","3","","0.1","6.0"
"Top 14","2013/14","20.12.2013 13:45","Stade Francais","Grenoble FC","","21","6","","8","3","","0.1","6.0"
"Top 14","2013/14","30.11.2013 13:35","Grenoble FC","Stade Toulousain","","25","18","","6","3","","0.363636363636","2.2"
"Top 14","2013/14","30.11.2013 11:30","Biarritz","Bordeaux Begles","","15","22","","7","3","","0.333333333333","2.4"
"Top 14","2013/14","30.11.2013 11:30","Castres Olympique","Bayonne","","46","16","","13","6","","0.0909090909091","7.5"
"Top 14","2013/14","30.11.2013 11:30","Racing 92","Montpellier Herault RC","","17","12","","3","9","","0.363636363636","2.2"
"Top 14","2013/14","30.11.2013 11:30","Union Sportive Oyonnax","Brive","","26","9","","15","9","","0.5","1.625"
"Top 14","2013/14","30.11.2013 07:55","Stade Francais","Toulon","","23","0","","3","0","","0.5","1.625"
"Top 14","2013/14","29.11.2013 13:45","Usap Perpignan","Clermont","","23","30","","16","10","","0.4","2.0"
"Top 14","2013/14","23.11.2013 07:30","Clermont","Racing 92","","47","14","","23","0","","0.111111111111","5.5"
"Top 14","2013/14","23.11.2013 07:15","Bayonne","Grenoble FC","","24","21","","9","11","","0.285714285714","2.75"
"Top 14","2013/14","23.11.2013 07:15","Bordeaux Begles","Stade Francais","","45","23","","33","13","","0.363636363636","2.2"
"Top 14","2013/14","23.11.2013 07:15","Brive","Biarritz","","9","14","","3","5","","0.0909090909091","6.5"
"Top 14","2013/14","23.11.2013 07:15","Montpellier Herault RC","Castres Olympique","","16","20","","10","9","","0.166666666667","4.0"
"Top 14","2013/14","23.11.2013 07:15","Stade Toulousain","Union Sportive Oyonnax","","14","3","","9","3","","0.0","12.0"
"Top 14","2013/14","22.11.2013 13:45","Toulon","Usap Perpignan","","15","9","","9","3","","None","20.0"
"Top 14","2013/14","02.11.2013 14:30","Stade Francais","Bayonne","","13","9","","10","9","","0.0909090909091","7.0"
"Top 14","2013/14","02.11.2013 12:30","Biarritz","Racing 92","","9","6","","3","6","","1.375","0.571428571429"
"Top 14","2013/14","02.11.2013 12:30","Montpellier Herault RC","Grenoble FC","","25","18","","16","12","","0.0909090909091","7.0"
"Top 14","2013/14","02.11.2013 12:30","Union Sportive Oyonnax","Usap Perpignan","","22","9","","9","9","","0.5","1.625"
"Top 14","2013/14","02.11.2013 09:05","Brive","Stade Toulousain","","25","13","","16","0","","0.8","1.0"
"Top 14","2013/14","01.11.2013 15:00","Castres Olympique","Clermont","","22","22","","10","6","","0.4","2.0"
"Top 14","2013/14","01.11.2013 13:00","Toulon","Bordeaux Begles","","37","17","","12","12","","0.0","12.0"
"Top 14","2013/14","26.10.2013 13:35","Racing 92","Stade Francais","","16","12","","10","6","","0.545454545455","1.5"
"Top 14","2013/14","26.10.2013 11:30","Castres Olympique","Biarritz","","39","0","","27","0","","0.0909090909091","8.0"
"Top 14","2013/14","26.10.2013 11:30","Clermont","Brive","","36","29","","20","20","","0.0","16.0"
"Top 14","2013/14","26.10.2013 11:30","Grenoble FC","Union Sportive Oyonnax","","23","10","","16","3","","0.111111111111","5.5"
"Top 14","2013/14","26.10.2013 11:30","Usap Perpignan","Bordeaux Begles","","31","20","","12","12","","0.111111111111","5.5"
"Top 14","2013/14","26.10.2013 07:55","Stade Toulousain","Toulon","","13","12","","0","12","","0.222222222222","3.33333333333"
"Top 14","2013/14","25.10.2013 13:45","Bayonne","Montpellier Herault RC","","24","19","","18","18","","0.571428571429","1.375"
"Top 14","2013/14","05.10.2013 13:40","Stade Toulousain","Stade Francais","","28","10","","14","3","","0.125","5.0"
"Top 14","2013/14","05.10.2013 11:30","Bordeaux Begles","Bayonne","","34","6","","17","6","","0.25","3.0"
"Top 14","2013/14","05.10.2013 11:30","Brive","Castres Olympique","","34","0","","24","0","","0.6","1.3"
"Top 14","2013/14","05.10.2013 11:30","Montpellier Herault RC","Union Sportive Oyonnax","","45","20","","24","13","","0.0","16.0"
"Top 14","2013/14","05.10.2013 11:30","Racing 92","Grenoble FC","","20","22","","9","9","","0.0909090909091","8.0"
"Top 14","2013/14","05.10.2013 07:55","Toulon","Clermont","","25","19","","16","13","","0.166666666667","4.0"
"Top 14","2013/14","04.10.2013 13:45","Biarritz","Usap Perpignan","","12","16","","6","6","","0.5","1.625"
"Top 14","2013/14","29.09.2013 05:30","Clermont","Bordeaux Begles","","40","11","","16","11","","None","20.0"
"Top 14","2013/14","28.09.2013 13:35","Usap Perpignan","Stade Toulousain","","20","16","","14","6","","0.363636363636","2.2"
"Top 14","2013/14","28.09.2013 11:30","Bayonne","Biarritz","","27","19","","19","9","","0.2","3.5"
"Top 14","2013/14","28.09.2013 11:30","Castres Olympique","Racing 92","","19","15","","13","9","","0.2","3.5"
"Top 14","2013/14","28.09.2013 11:30","Grenoble FC","Brive","","12","12","","12","6","","0.0909090909091","7.0"
"Top 14","2013/14","28.09.2013 07:55","Union Sportive Oyonnax","Toulon","","25","22","","16","19","","2.75","0.285714285714"
"Top 14","2013/14","27.09.2013 13:45","Stade Francais","Montpellier Herault RC","","18","11","","10","3","","0.3","2.5"
"Top 14","2013/14","21.09.2013 13:35","Union Sportive Oyonnax","Stade Francais","","15","16","","9","9","","0.545454545455","1.5"
"Top 14","2013/14","21.09.2013 11:30","Biarritz","Grenoble FC","","21","27","","9","17","","0.222222222222","3.33333333333"
"Top 14","2013/14","21.09.2013 11:30","Brive","Usap Perpignan","","31","6","","16","6","","0.571428571429","1.375"
"Top 14","2013/14","21.09.2013 11:30","Racing 92","Bordeaux Begles","","26","19","","18","10","","0.0","10.0"
"Top 14","2013/14","21.09.2013 11:30","Toulon","Bayonne","","18","12","","8","6","","None","25.0"
"Top 14","2013/14","21.09.2013 08:00","Stade Toulousain","Castres Olympique","","26","9","","11","6","","0.111111111111","5.5"
"Top 14","2013/14","20.09.2013 13:45","Montpellier Herault RC","Clermont","","43","3","","26","3","","0.545454545455","1.5"
"Top 14","2013/14","14.09.2013 13:35","Bayonne","Racing 92","","16","19","","6","6","","0.571428571429","1.375"
"Top 14","2013/14","14.09.2013 11:30","Bordeaux Begles","Union Sportive Oyonnax","","35","10","","21","7","","0.125","5.0"
"Top 14","2013/14","14.09.2013 11:30","Clermont","Grenoble FC","","27","13","","13","6","","None","20.0"
"Top 14","2013/14","14.09.2013 11:30","Stade Francais","Brive","","25","18","","12","8","","0.0","10.0"
"Top 14","2013/14","14.09.2013 11:30","Stade Toulousain","Biarritz","","31","7","","26","0","","None","25.0"
"Top 14","2013/14","14.09.2013 07:55","Castres Olympique","Toulon","","22","15","","13","9","","0.6","1.3"
"Top 14","2013/14","13.09.2013 11:45","Usap Perpignan","Montpellier Herault RC","","28","16","","20","6","","0.4","2.0"
"Top 14","2013/14","08.09.2013 14:00","Stade Francais","Clermont","","23","16","","3","6","","0.5","1.625"
"Top 14","2013/14","08.09.2013 11:00","Biarritz","Toulon","","13","24","","3","6","","2.75","0.285714285714"
"Top 14","2013/14","08.09.2013 11:00","Brive","Bayonne","","17","10","","0","0","","0.666666666667","1.2"
"Top 14","2013/14","08.09.2013 11:00","Grenoble FC","Bordeaux Begles","","21","14","","9","6","","0.0909090909091","8.0"
"Top 14","2013/14","08.09.2013 11:00","Racing 92","Usap Perpignan","","19","16","","9","6","","0.0","9.0"
"Top 14","2013/14","08.09.2013 11:00","Union Sportive Oyonnax","Castres Olympique","","19","9","","6","3","","1.2","0.666666666667"
"Top 14","2013/14","08.09.2013 08:30","Montpellier Herault RC","Stade Toulousain","","25","0","","10","0","","0.4","2.0"
"Top 14","2013/14","04.09.2013 14:05","Stade Toulousain","Racing 92","","30","6","","16","3","","0.111111111111","5.5"
"Top 14","2013/14","04.09.2013 12:00","Bordeaux Begles","Montpellier Herault RC","","29","36","","16","23","","0.545454545455","1.5"
"Top 14","2013/14","04.09.2013 12:00","Clermont","Bayonne","","55","0","","34","0","","0.0","16.0"
"Top 14","2013/14","04.09.2013 12:00","Toulon","Brive","","62","12","","20","12","","None","25.0"
"Top 14","2013/14","04.09.2013 12:00","Union Sportive Oyonnax","Biarritz","","24","22","","18","6","","0.444444444444","1.8"
"Top 14","2013/14","04.09.2013 12:00","Usap Perpignan","Grenoble FC","","36","13","","24","7","","0.0","12.0"
"Top 14","2013/14","04.09.2013 11:45","Castres Olympique","Stade Francais","","38","10","","12","10","","0.125","5.0"
"Top 14","2013/14","31.08.2013 13:35","Grenoble FC","Toulon","","28","26","","15","12","","2.2","0.363636363636"
"Top 14","2013/14","31.08.2013 13:30","Bayonne","Usap Perpignan","","31","20","","13","9","","0.333333333333","2.4"
"Top 14","2013/14","31.08.2013 11:30","Bordeaux Begles","Castres Olympique","","21","20","","12","9","","0.8","1.0"
"Top 14","2013/14","31.08.2013 11:30","Montpellier Herault RC","Brive","","33","24","","12","3","","0.0","12.0"
"Top 14","2013/14","31.08.2013 11:30","Racing 92","Union Sportive Oyonnax","","22","9","","6","9","","0.0","16.0"
"Top 14","2013/14","31.08.2013 08:00","Clermont","Stade Toulousain","","38","19","","13","10","","0.1","6.0"
"Top 14","2013/14","30.08.2013 13:50","Stade Francais","Biarritz","","38","3","","16","3","","0.111111111111","5.5"
"Top 14","2013/14","24.08.2013 13:35","Brive","Bordeaux Begles","","25","12","","15","6","","0.6","1.28571428571"
"Top 14","2013/14","24.08.2013 11:30","Biarritz","Montpellier Herault RC","","19","12","","3","6","","0.8","1.0"
"Top 14","2013/14","24.08.2013 11:30","Castres Olympique","Grenoble FC","","34","6","","15","3","","0.0","10.0"
"Top 14","2013/14","24.08.2013 11:30","Stade Toulousain","Bayonne","","40","3","","12","3","","0.1","6.0"
"Top 14","2013/14","24.08.2013 11:30","Usap Perpignan","Stade Francais","","27","28","","20","16","","0.222222222222","3.33333333333"
"Top 14","2013/14","24.08.2013 08:00","Union Sportive Oyonnax","Clermont","","30","19","","20","0","","3.5","0.2"
"Top 14","2013/14","23.08.2013 13:50","Toulon","Racing 92","","41","14","","13","6","","0.142857142857","4.0"
"Top 14","2013/14","17.08.2013 13:35","Usap Perpignan","Castres Olympique","","26","23","","13","13","","0.5","1.625"
"Top 14","2013/14","17.08.2013 11:30","Bayonne","Union Sportive Oyonnax","","39","11","","22","6","","0.0909090909091","6.5"
"Top 14","2013/14","17.08.2013 11:30","Bordeaux Begles","Stade Toulousain","","31","25","","16","12","","1.2","0.666666666667"
"Top 14","2013/14","17.08.2013 11:30","Grenoble FC","Stade Francais","","19","16","","6","9","","0.5","1.625"
"Top 14","2013/14","17.08.2013 11:30","Racing 92","Brive","","19","14","","10","5","","0.0","9.0"
"Top 14","2013/14","17.08.2013 08:00","Biarritz","Clermont","","18","22","","6","16","","0.9","0.9"
"Top 14","2013/14","16.08.2013 13:45","Montpellier Herault RC","Toulon","","22","22","","13","3","","0.8","1.0"
"Top 14","2012/13","01.06.2013 14:00","Toulon","Castres Olympique","","14","19","","3","10","","0.25","3.0"
"Top 14","2012/13","25.05.2013 09:30","Clermont","Castres Olympique","","9","25","","3","12","","0.142857142857","4.0"
"Top 14","2012/13","24.05.2013 14:00","Toulon","Stade Toulousain","","24","9","","8","6","","0.8","1.0"
"Top 14","2012/13","11.05.2013 07:40","Castres Olympique","Montpellier Herault RC","","25","12","","12","9","","0.5","1.625"
"Top 14","2012/13","10.05.2013 14:00","Stade Toulousain","Racing 92","","33","19","","14","11","","0.285714285714","2.75"
"Top 14","2012/13","04.05.2013 07:45","Biarritz","Stade Francais","","52","17","","24","3","","0.125","5.0"
"Top 14","2012/13","04.05.2013 07:45","Clermont","Bordeaux Begles","","67","3","","25","3","","None","25.0"
"Top 14","2012/13","04.05.2013 07:45","Montpellier Herault RC","Usap Perpignan","","50","22","","25","3","","None","25.0"
"Top 14","2012/13","04.05.2013 07:45","Racing 92","Castres Olympique","","29","28","","22","6","","0.222222222222","3.33333333333"
"Top 14","2012/13","04.05.2013 07:45","Stade Montois","Bayonne","","33","36","","13","15","","1.28571428571","0.6"
"Top 14","2012/13","04.05.2013 07:45","Stade Toulousain","Grenoble FC","","57","7","","22","0","","None","25.0"
"Top 14","2012/13","04.05.2013 07:45","Toulon","Agen","","43","21","","31","7","","None","40.0"
"Top 14","2012/13","21.04.2013 09:10","Stade Francais","Racing 92","","19","16","","10","10","","2.2","0.363636363636"
"Top 14","2012/13","20.04.2013 13:40","Grenoble FC","Toulon","","25","24","","6","21","","1.8","0.444444444444"
"Top 14","2012/13","20.04.2013 11:30","Agen","Usap Perpignan","","23","15","","10","5","","2.2","0.363636363636"
"Top 14","2012/13","20.04.2013 11:30","Bayonne","Montpellier Herault RC","","32","26","","20","12","","1.375","0.571428571429"
"Top 14","2012/13","20.04.2013 11:30","Bordeaux Begles","Biarritz","","16","0","","10","0","","0.222222222222","3.33333333333"
"Top 14","2012/13","20.04.2013 11:30","Castres Olympique","Stade Montois","","44","17","","11","9","","None","40.0"
"Top 14","2012/13","20.04.2013 08:00","Clermont","Stade Toulousain","","39","17","","25","3","","0.125","4.5"
"Top 14","2012/13","14.04.2013 09:10","Toulon","Clermont","","26","26","","13","20","","0.142857142857","4.0"
"Top 14","2012/13","14.04.2013 07:15","Usap Perpignan","Biarritz","","33","28","","20","17","","0.25","3.0"
"Top 14","2012/13","13.04.2013 13:40","Stade Montois","Racing 92","","9","34","","6","20","","7.5","0.0909090909091"
"Top 14","2012/13","13.04.2013 13:40","Agen","Stade Francais","","20","28","","6","20","","7.5","0.0909090909091"
"Top 14","2012/13","13.04.2013 11:30","Bayonne","Grenoble FC","","31","24","","18","0","","0.125","4.5"
"Top 14","2012/13","13.04.2013 08:00","Montpellier Herault RC","Stade Toulousain","","10","8","","3","0","","1.1","0.714285714286"
"Top 14","2012/13","12.04.2013 13:50","Castres Olympique","Bordeaux Begles","","23","23","","13","10","","0.0","12.0"
"Top 14","2012/13","30.03.2013 14:40","Racing 92","Stade Toulousain","","26","27","","17","6","","0.5","1.625"
"Top 14","2012/13","30.03.2013 12:30","Bordeaux Begles","Bayonne","","39","13","","22","10","","0.285714285714","2.75"
"Top 14","2012/13","30.03.2013 12:30","Clermont","Agen","","66","21","","22","10","","0.285714285714","2.75"
"Top 14","2012/13","30.03.2013 12:30","Stade Montois","Montpellier Herault RC","","17","30","","10","23","","3.5","0.2"
"Top 14","2012/13","30.03.2013 12:30","Usap Perpignan","Castres Olympique","","20","21","","6","13","","0.3","2.5"
"Top 14","2012/13","30.03.2013 09:00","Stade Francais","Toulon","","11","43","","6","19","","2.4","0.333333333333"
"Top 14","2012/13","29.03.2013 13:00","Biarritz","Grenoble FC","","33","16","","12","10","","0.0909090909091","8.0"
"Top 14","2012/13","24.03.2013 15:00","Stade Toulousain","Stade Francais","","43","16","","10","9","","None","18.0"
"Top 14","2012/13","23.03.2013 14:50","Biarritz","Clermont","","32","28","","19","13","","0.8","1.0"
"Top 14","2012/13","23.03.2013 12:45","Bordeaux Begles","Stade Montois","","40","7","","19","0","","0.0","14.0"
"Top 14","2012/13","23.03.2013 12:45","Castres Olympique","Agen","","20","9","","13","9","","0.0","16.0"
"Top 14","2012/13","23.03.2013 12:45","Grenoble FC","Montpellier Herault RC","","9","16","","6","7","","0.571428571429","1.375"
"Top 14","2012/13","23.03.2013 11:00","Racing 92","Usap Perpignan","","23","19","","17","6","","0.3","2.5"
"Top 14","2012/13","23.03.2013 09:00","Bayonne","Toulon","","33","28","","20","11","","0.666666666667","1.2"
"Top 14","2012/13","09.03.2013 13:40","Clermont","Castres Olympique","","37","10","","16","3","","0.0909090909091","6.5"
"Top 14","2012/13","09.03.2013 08:00","Agen","Bayonne","","20","30","","7","20","","0.285714285714","2.75"
"Top 14","2012/13","09.03.2013 08:00","Stade Francais","Stade Montois","","42","14","","20","14","","0.0","12.0"
"Top 14","2012/13","09.03.2013 08:00","Stade Toulousain","Bordeaux Begles","","33","32","","18","15","","0.0","16.0"
"Top 14","2012/13","09.03.2013 08:00","Toulon","Biarritz","","51","15","","25","12","","None","20.0"
"Top 14","2012/13","09.03.2013 08:00","Usap Perpignan","Grenoble FC","","20","18","","13","6","","0.0","9.0"
"Top 14","2012/13","08.03.2013 13:50","Montpellier Herault RC","Racing 92","","15","17","","3","17","","0.363636363636","2.2"
"Top 14","2012/13","02.03.2013 13:45","Toulon","Stade Toulousain","","35","16","","19","13","","0.125","4.5"
"Top 14","2012/13","02.03.2013 11:30","Bordeaux Begles","Agen","","48","17","","17","0","","0.142857142857","4.0"
"Top 14","2012/13","02.03.2013 11:30","Castres Olympique","Montpellier Herault RC","","26","20","","16","20","","0.222222222222","3.33333333333"
"Top 14","2012/13","02.03.2013 11:30","Racing 92","Grenoble FC","","23","3","","16","0","","0.0","9.0"
"Top 14","2012/13","02.03.2013 11:30","Stade Montois","Usap Perpignan","","17","31","","10","18","","3.33333333333","0.222222222222"
"Top 14","2012/13","02.03.2013 08:00","Stade Francais","Clermont","","10","37","","3","24","","0.9","0.9"
"Top 14","2012/13","01.03.2013 13:50","Bayonne","Biarritz","","6","6","","6","3","","0.571428571429","1.375"
"Top 14","2012/13","23.02.2013 13:40","Usap Perpignan","Stade Francais","","32","16","","11","11","","0.125","4.5"
"Top 14","2012/13","23.02.2013 08:00","Agen","Stade Montois","","9","3","","3","3","","0.125","5.0"
"Top 14","2012/13","23.02.2013 08:00","Biarritz","Racing 92","","11","23","","3","13","","0.4","2.0"
"Top 14","2012/13","23.02.2013 08:00","Grenoble FC","Clermont","","10","17","","0","10","","0.9","0.9"
"Top 14","2012/13","23.02.2013 08:00","Montpellier Herault RC","Bordeaux Begles","","15","13","","9","3","","0.0","9.0"
"Top 14","2012/13","23.02.2013 08:00","Stade Toulousain","Bayonne","","42","6","","21","6","","0.0","10.0"
"Top 14","2012/13","22.02.2013 13:50","Castres Olympique","Toulon","","25","20","","19","9","","0.666666666667","1.2"
"Top 14","2012/13","16.02.2013 13:40","Biarritz","Castres Olympique","","15","9","","12","3","","0.363636363636","2.2"
"Top 14","2012/13","16.02.2013 11:30","Clermont","Stade Montois","","56","3","","21","3","","None","25.0"
"Top 14","2012/13","16.02.2013 11:30","Grenoble FC","Agen","","27","13","","16","13","","0.125","4.5"
"Top 14","2012/13","16.02.2013 11:30","Racing 92","Bayonne","","15","10","","6","0","","0.1","6.0"
"Top 14","2012/13","16.02.2013 11:30","Stade Francais","Bordeaux Begles","","30","14","","24","6","","0.1","6.0"
"Top 14","2012/13","16.02.2013 08:00","Toulon","Montpellier Herault RC","","51","6","","29","6","","0.1","6.0"
"Top 14","2012/13","15.02.2013 13:50","Stade Toulousain","Usap Perpignan","","18","19","","12","6","","0.1","6.0"
"Top 14","2012/13","09.02.2013 13:40","Montpellier Herault RC","Biarritz","","33","10","","13","10","","0.25","3.0"
"Top 14","2012/13","09.02.2013 08:00","Agen","Stade Toulousain","","22","9","","11","6","","2.0","0.4"
"Top 14","2012/13","09.02.2013 08:00","Bayonne","Usap Perpignan","","13","10","","13","10","","0.4","2.0"
"Top 14","2012/13","09.02.2013 08:00","Bordeaux Begles","Toulon","","41","0","","20","0","","2.5","0.3"
"Top 14","2012/13","09.02.2013 08:00","Castres Olympique","Stade Francais","","44","13","","20","6","","0.142857142857","4.0"
"Top 14","2012/13","09.02.2013 08:00","Stade Montois","Grenoble FC","","32","14","","22","8","","0.9","0.9"
"Top 14","2012/13","08.02.2013 13:50","Racing 92","Clermont","","12","6","","6","3","","0.571428571429","1.375"
"Top 14","2012/13","25.01.2013 14:00","Stade Toulousain","Biarritz","","19","14","","13","8","","0.0909090909091","7.5"
"Top 14","2012/13","25.01.2013 12:00","Agen","Montpellier Herault RC","","9","13","","6","7","","1.375","0.571428571429"
"Top 14","2012/13","25.01.2013 12:00","Bordeaux Begles","Racing 92","","15","22","","9","6","","1.0","0.8"
"Top 14","2012/13","25.01.2013 12:00","Stade Francais","Grenoble FC","","35","6","","11","6","","0.125","5.0"
"Top 14","2012/13","25.01.2013 12:00","Toulon","Stade Montois","","15","9","","15","9","","None","25.0"
"Top 14","2012/13","25.01.2013 12:00","Usap Perpignan","Clermont","","26","19","","6","12","","0.8","1.0"
"Top 14","2012/13","24.01.2013 14:00","Bayonne","Castres Olympique","","22","12","","16","9","","0.8","1.0"
"Top 14","2012/13","06.01.2013 14:00","Toulon","Racing 92","","15","19","","9","6","","0.0909090909091","8.0"
"Top 14","2012/13","05.01.2013 13:40","Stade Montois","Stade Toulousain","","12","16","","6","10","","7.0","0.0909090909091"
"Top 14","2012/13","05.01.2013 11:30","Grenoble FC","Castres Olympique","","14","12","","11","5","","0.5","1.625"
"Top 14","2012/13","05.01.2013 11:30","Stade Francais","Bayonne","","21","13","","15","10","","0.125","4.5"
"Top 14","2012/13","05.01.2013 11:30","Usap Perpignan","Bordeaux Begles","","26","16","","9","9","","0.0909090909091","7.0"
"Top 14","2012/13","05.01.2013 08:00","Clermont","Montpellier Herault RC","","36","18","","20","13","","0.0909090909091","7.0"
"Top 14","2012/13","04.01.2013 13:50","Biarritz","Agen","","16","11","","13","8","","0.0","9.0"
"Top 14","2012/13","30.12.2012 13:45","Toulon","Usap Perpignan","","39","13","","15","10","","0.0","12.0"
"Top 14","2012/13","30.12.2012 11:05","Montpellier Herault RC","Stade Francais","","54","16","","27","9","","0.111111111111","5.5"
"Top 14","2012/13","30.12.2012 09:00","Castres Olympique","Stade Toulousain","","16","18","","10","9","","0.363636363636","2.2"
"Top 14","2012/13","30.12.2012 08:00","Clermont","Bayonne","","48","3","","20","3","","0.0","12.0"
"Top 14","2012/13","30.12.2012 08:00","Grenoble FC","Bordeaux Begles","","19","9","","6","3","","0.125","4.5"
"Top 14","2012/13","30.12.2012 08:00","Racing 92","Agen","","40","6","","20","6","","0.0909090909091","8.0"
"Top 14","2012/13","30.12.2012 08:00","Stade Montois","Biarritz","","18","19","","12","13","","2.0","0.4"
"Top 14","2012/13","22.12.2012 13:40","Agen","Toulon","","9","15","","6","6","","4.5","0.125"
"Top 14","2012/13","22.12.2012 11:30","Bayonne","Stade Montois","","39","13","","18","6","","0.0909090909091","8.0"
"Top 14","2012/13","22.12.2012 11:30","Castres Olympique","Racing 92","","31","10","","24","3","","0.285714285714","2.75"
"Top 14","2012/13","22.12.2012 11:30","Stade Francais","Biarritz","","36","23","","17","10","","0.363636363636","2.25"
"Top 14","2012/13","22.12.2012 11:30","Usap Perpignan","Montpellier Herault RC","","30","19","","16","9","","0.5","1.5"
"Top 14","2012/13","22.12.2012 08:00","Grenoble FC","Stade Toulousain","","15","6","","9","6","","1.2","0.666666666667"
"Top 14","2012/13","21.12.2012 13:50","Bordeaux Begles","Clermont","","24","28","","9","12","","1.625","0.5"
"Top 14","2012/13","01.12.2012 13:40","Racing 92","Stade Francais","","23","15","","13","6","","0.545454545455","1.5"
"Top 14","2012/13","01.12.2012 11:30","Biarritz","Bordeaux Begles","","25","22","","12","3","","0.0909090909091","8.0"
"Top 14","2012/13","01.12.2012 11:30","Montpellier Herault RC","Bayonne","","29","22","","11","16","","0.0909090909091","6.5"
"Top 14","2012/13","01.12.2012 11:30","Stade Montois","Castres Olympique","","15","31","","15","6","","2.4","0.333333333333"
"Top 14","2012/13","01.12.2012 11:30","Toulon","Grenoble FC","","39","3","","18","3","","0.0","16.0"
"Top 14","2012/13","01.12.2012 08:00","Stade Toulousain","Clermont","","30","22","","20","12","","0.3","2.5"
"Top 14","2012/13","30.11.2012 13:50","Usap Perpignan","Agen","","39","13","","14","13","","0.0909090909091","8.0"
"Top 14","2012/13","10.11.2012 11:30","Biarritz","Usap Perpignan","","15","3","","12","3","","0.2","3.5"
"Top 14","2012/13","10.11.2012 11:30","Bordeaux Begles","Castres Olympique","","13","16","","10","10","","0.714285714286","1.1"
"Top 14","2012/13","10.11.2012 11:30","Grenoble FC","Bayonne","","9","6","","6","3","","0.2","3.5"
"Top 14","2012/13","10.11.2012 10:00","Racing 92","Stade Montois","","16","17","","13","6","","None","18.0"
"Top 14","2012/13","10.11.2012 10:00","Stade Francais","Agen","","20","13","","6","8","","0.0909090909091","7.5"
"Top 14","2012/13","10.11.2012 08:00","Clermont","Toulon","","24","21","","13","9","","0.5","1.625"
"Top 14","2012/13","09.11.2012 13:50","Stade Toulousain","Montpellier Herault RC","","27","9","","14","9","","0.1","6.0"
"Top 14","2012/13","01.11.2012 10:15","Stade Toulousain","Racing 92","","32","13","","15","10","","0.125","5.0"
"Top 14","2012/13","01.11.2012 08:30","Agen","Clermont","","11","18","","0","3","","3.5","0.2"
"Top 14","2012/13","01.11.2012 08:30","Bayonne","Bordeaux Begles","","22","11","","9","8","","0.1","6.0"
"Top 14","2012/13","01.11.2012 08:30","Castres Olympique","Usap Perpignan","","38","36","","23","16","","0.125","5.0"
"Top 14","2012/13","01.11.2012 08:30","Montpellier Herault RC","Stade Montois","","32","16","","18","9","","None","20.0"
"Top 14","2012/13","01.11.2012 08:30","Toulon","Stade Francais","","24","19","","12","6","","0.0","14.0"
"Top 14","2012/13","01.11.2012 08:10","Grenoble FC","Biarritz","","34","21","","19","6","","0.545454545455","1.5"
"Top 14","2012/13","27.10.2012 13:40","Usap Perpignan","Racing 92","","17","13","","11","6","","0.333333333333","2.4"
"Top 14","2012/13","27.10.2012 11:30","Agen","Castres Olympique","","14","22","","9","9","","0.8","1.0"
"Top 14","2012/13","27.10.2012 11:30","Montpellier Herault RC","Grenoble FC","","23","6","","13","6","","0.0909090909091","7.0"
"Top 14","2012/13","27.10.2012 11:30","Stade Montois","Bordeaux Begles","","12","17","","3","7","","0.714285714286","1.1"
"Top 14","2012/13","27.10.2012 11:30","Toulon","Bayonne","","59","0","","24","0","","0.0","16.0"
"Top 14","2012/13","27.10.2012 08:00","Stade Francais","Stade Toulousain","","28","24","","14","18","","0.714285714286","1.1"
"Top 14","2012/13","26.10.2012 13:50","Clermont","Biarritz","","19","12","","16","6","","0.0909090909091","7.0"
"Top 14","2012/13","06.10.2012 13:40","Bordeaux Begles","Stade Toulousain","","32","34","","14","10","","2.5","0.3"
"Top 14","2012/13","06.10.2012 11:30","Bayonne","Agen","","37","16","","18","13","","0.222222222222","3.33333333333"
"Top 14","2012/13","06.10.2012 11:30","Grenoble FC","Usap Perpignan","","28","23","","12","9","","0.5","1.625"
"Top 14","2012/13","06.10.2012 11:30","Racing 92","Montpellier Herault RC","","12","16","","0","3","","0.285714285714","2.75"
"Top 14","2012/13","06.10.2012 11:30","Stade Montois","Stade Francais","","28","30","","9","18","","2.0","0.4"
"Top 14","2012/13","06.10.2012 08:00","Biarritz","Toulon","","9","36","","9","16","","0.8","1.0"
"Top 14","2012/13","05.10.2012 13:50","Castres Olympique","Clermont","","16","13","","3","6","","0.333333333333","2.4"
"Top 14","2012/13","30.09.2012 10:00","Biarritz","Bayonne","","15","16","","6","10","","0.142857142857","4.0"
"Top 14","2012/13","29.09.2012 13:45","Stade Toulousain","Toulon","","32","9","","19","3","","0.142857142857","4.0"
"Top 14","2012/13","29.09.2012 11:30","Agen","Bordeaux Begles","","19","15","","16","15","","0.285714285714","2.75"
"Top 14","2012/13","29.09.2012 11:30","Grenoble FC","Racing 92","","27","13","","14","3","","0.8","1.0"
"Top 14","2012/13","29.09.2012 11:30","Montpellier Herault RC","Castres Olympique","","19","12","","3","6","","0.3","2.5"
"Top 14","2012/13","29.09.2012 11:30","Usap Perpignan","Stade Montois","","15","6","","6","6","","None","20.0"
"Top 14","2012/13","28.09.2012 13:50","Clermont","Stade Francais","","28","25","","10","22","","0.0","10.0"
"Top 14","2012/13","22.09.2012 13:40","Racing 92","Biarritz","","13","12","","13","9","","0.2","3.5"
"Top 14","2012/13","22.09.2012 11:30","Bordeaux Begles","Montpellier Herault RC","","15","23","","9","12","","0.6","1.28571428571"
"Top 14","2012/13","22.09.2012 11:30","Clermont","Grenoble FC","","44","20","","23","6","","None","20.0"
"Top 14","2012/13","22.09.2012 11:30","Stade Francais","Usap Perpignan","","34","24","","12","11","","0.25","3.0"
"Top 14","2012/13","22.09.2012 11:30","Stade Montois","Agen","","16","28","","13","21","","0.8","1.0"
"Top 14","2012/13","22.09.2012 08:00","Toulon","Castres Olympique","","33","12","","17","12","","0.1","6.0"
"Top 14","2012/13","21.09.2012 13:50","Bayonne","Stade Toulousain","","6","35","","6","14","","1.625","0.5"
"Top 14","2012/13","15.09.2012 13:40","Bordeaux Begles","Stade Francais","","30","22","","12","9","","0.4","2.0"
"Top 14","2012/13","15.09.2012 11:30","Agen","Grenoble FC","","32","26","","23","13","","0.25","3.0"
"Top 14","2012/13","15.09.2012 11:30","Bayonne","Racing 92","","18","25","","15","12","","0.571428571429","1.375"
"Top 14","2012/13","15.09.2012 11:30","Castres Olympique","Biarritz","","28","13","","12","13","","0.222222222222","3.33333333333"
"Top 14","2012/13","15.09.2012 11:30","Stade Montois","Clermont","","6","14","","3","3","","5.0","0.125"
"Top 14","2012/13","15.09.2012 08:00","Usap Perpignan","Stade Toulousain","","34","20","","27","6","","1.0","0.8"
"Top 14","2012/13","14.09.2012 13:50","Montpellier Herault RC","Toulon","","25","32","","0","16","","0.714285714286","1.1"
"Top 14","2012/13","09.09.2012 14:00","Clermont","Racing 92","","13","12","","7","6","","0.111111111111","5.5"
"Top 14","2012/13","08.09.2012 13:35","Toulon","Bordeaux Begles","","42","12","","13","6","","0.0","16.0"
"Top 14","2012/13","08.09.2012 11:30","Grenoble FC","Stade Montois","","52","7","","31","7","","0.125","5.0"
"Top 14","2012/13","08.09.2012 11:30","Stade Francais","Castres Olympique","","20","20","","9","6","","0.4","2.0"
"Top 14","2012/13","08.09.2012 11:30","Stade Toulousain","Agen","","62","13","","27","8","","0.0","14.0"
"Top 14","2012/13","08.09.2012 11:30","Usap Perpignan","Bayonne","","18","13","","15","6","","0.2","3.5"
"Top 14","2012/13","08.09.2012 08:00","Biarritz","Montpellier Herault RC","","27","8","","3","3","","0.25","3.0"
"Top 14","2012/13","01.09.2012 13:40","Stade Montois","Toulon","","15","29","","12","14","","4.5","0.125"
"Top 14","2012/13","01.09.2012 11:30","Castres Olympique","Bayonne","","31","10","","11","10","","0.111111111111","5.5"
"Top 14","2012/13","01.09.2012 11:30","Clermont","Usap Perpignan","","53","31","","27","10","","0.0909090909091","7.0"
"Top 14","2012/13","01.09.2012 11:30","Montpellier Herault RC","Agen","","32","15","","10","3","","0.0909090909091","7.0"
"Top 14","2012/13","01.09.2012 11:30","Racing 92","Bordeaux Begles","","18","7","","6","0","","0.0909090909091","7.0"
"Top 14","2012/13","01.09.2012 08:00","Biarritz","Stade Toulousain","","22","17","","16","6","","0.714285714286","1.1"
"Top 14","2012/13","31.08.2012 13:50","Grenoble FC","Stade Francais","","26","12","","9","6","","0.666666666667","1.2"
"Top 14","2012/13","25.08.2012 13:40","Agen","Biarritz","","19","25","","6","13","","0.545454545455","1.5"
"Top 14","2012/13","25.08.2012 11:30","Bayonne","Stade Francais","","24","11","","15","3","","0.333333333333","2.4"
"Top 14","2012/13","25.08.2012 11:30","Castres Olympique","Grenoble FC","","30","13","","16","6","","0.0909090909091","8.0"
"Top 14","2012/13","25.08.2012 11:30","Montpellier Herault RC","Clermont","","13","8","","10","5","","0.666666666667","1.2"
"Top 14","2012/13","25.08.2012 11:30","Stade Toulousain","Stade Montois","","37","22","","17","19","","None","20.0"
"Top 14","2012/13","25.08.2012 08:00","Racing 92","Toulon","","21","23","","13","13","","0.714285714286","1.1"
"Top 14","2012/13","24.08.2012 13:50","Bordeaux Begles","Usap Perpignan","","26","22","","15","15","","0.714285714286","1.1"
"Top 14","2012/13","18.08.2012 13:40","Usap Perpignan","Toulon","","15","21","","12","15","","0.571428571429","1.375"
"Top 14","2012/13","18.08.2012 12:00","Bayonne","Clermont","","6","13","","3","3","","1.2","0.666666666667"
"Top 14","2012/13","18.08.2012 11:30","Agen","Racing 92","","20","24","","17","12","","0.571428571429","1.375"
"Top 14","2012/13","18.08.2012 11:30","Biarritz","Stade Montois","","35","10","","18","3","","0.0909090909091","7.5"
"Top 14","2012/13","18.08.2012 11:30","Bordeaux Begles","Grenoble FC","","28","29","","18","17","","0.2","3.5"
"Top 14","2012/13","18.08.2012 11:30","Stade Francais","Montpellier Herault RC","","32","16","","9","9","","0.363636363636","2.2"
"Top 14","2012/13","17.08.2012 14:00","Stade Toulousain","Castres Olympique","","23","22","","15","9","","0.111111111111","5.5"
"Top 14","2011/12","09.06.2012 11:00","Stade Toulousain","Toulon","","18","12","","9","9","","0.545454545455","1.6"
"Top 14","2011/12","03.06.2012 09:30","Clermont","Toulon","","12","15","","6","9","","0.363636363636","2.2"
"Top 14","2011/12","02.06.2012 13:45","Stade Toulousain","Castres Olympique","","24","15","","15","12","","0.142857142857","4.5"
"Top 14","2011/12","26.05.2012 14:00","Toulon","Racing 92","","17","13","","3","13","","0.222222222222","3.5"
"Top 14","2011/12","25.05.2012 14:00","Castres Olympique","Montpellier Herault RC","","31","15","","19","8","","0.444444444444","1.8"
"Top 14","2011/12","12.05.2012 09:15","Agen","Racing 92","","25","22","","13","12","","1.625","0.5"
"Top 14","2011/12","12.05.2012 09:15","Biarritz","Stade Francais","","16","5","","13","0","","0.4","2.0"
"Top 14","2011/12","12.05.2012 09:15","Bordeaux Begles","Usap Perpignan","","37","29","","24","14","","0.8","1.0"
"Top 14","2011/12","12.05.2012 09:15","Castres Olympique","Bayonne","","31","29","","23","12","","0.0909090909091","6.5"
"Top 14","2011/12","12.05.2012 09:15","Clermont","Brive","","57","14","","22","14","","0.0","12.0"
"Top 14","2011/12","12.05.2012 09:15","Lyon","Toulon","","5","29","","22","14","","0.0","12.0"
"Top 14","2011/12","12.05.2012 09:15","Stade Toulousain","Montpellier Herault RC","","20","13","","10","10","","0.2","3.5"
"Top 14","2011/12","05.05.2012 09:15","Racing 92","Stade Francais","","19","13","","13","10","","0.545454545455","1.5"
"Top 14","2011/12","05.05.2012 07:15","Bayonne","Agen","","31","10","","7","10","","0.0909090909091","6.5"
"Top 14","2011/12","05.05.2012 07:15","Brive","Bordeaux Begles","","9","23","","6","10","","0.2","3.5"
"Top 14","2011/12","05.05.2012 07:15","Castres Olympique","Clermont","","30","19","","17","7","","0.3","2.5"
"Top 14","2011/12","05.05.2012 07:15","Usap Perpignan","Lyon","","34","22","","23","12","","0.0","16.0"
"Top 14","2011/12","05.05.2012 07:00","Toulon","Stade Toulousain","","25","22","","8","16","","0.4","2.0"
"Top 14","2011/12","04.05.2012 13:45","Montpellier Herault RC","Biarritz","","21","16","","14","3","","0.125","5.0"
"Top 14","2011/12","21.04.2012 10:55","Toulon","Castres Olympique","","25","25","","25","13","","0.125","5.0"
"Top 14","2011/12","21.04.2012 08:55","Biarritz","Racing 92","","22","13","","9","3","","0.4","2.0"
"Top 14","2011/12","21.04.2012 07:15","Bordeaux Begles","Agen","","29","15","","19","0","","0.222222222222","3.33333333333"
"Top 14","2011/12","21.04.2012 07:15","Lyon","Bayonne","","19","20","","19","7","","1.5","0.545454545455"
"Top 14","2011/12","21.04.2012 07:15","Stade Francais","Usap Perpignan","","35","31","","22","13","","0.2","3.5"
"Top 14","2011/12","21.04.2012 07:15","Stade Toulousain","Brive","","30","21","","15","18","","0.0","12.0"
"Top 14","2011/12","20.04.2012 13:45","Clermont","Montpellier Herault RC","","22","9","","6","3","","0.125","4.5"
"Top 14","2011/12","14.04.2012 13:45","Castres Olympique","Bordeaux Begles","","44","20","","19","6","","0.0","10.0"
"Top 14","2011/12","14.04.2012 09:15","Bayonne","Biarritz","","24","19","","18","12","","0.8","1.0"
"Top 14","2011/12","14.04.2012 07:15","Agen","Toulon","","22","13","","9","10","","1.5","0.545454545455"
"Top 14","2011/12","14.04.2012 07:15","Clermont","Stade Francais","","25","9","","13","3","","0.111111111111","5.5"
"Top 14","2011/12","14.04.2012 07:15","Montpellier Herault RC","Lyon","","43","12","","22","0","","0.0","14.0"
"Top 14","2011/12","14.04.2012 07:15","Racing 92","Brive","","40","19","","16","9","","0.111111111111","5.5"
"Top 14","2011/12","13.04.2012 13:45","Usap Perpignan","Stade Toulousain","","25","10","","6","7","","0.666666666667","1.2"
"Top 14","2011/12","31.03.2012 09:15","Stade Francais","Stade Toulousain","","18","22","","9","13","","0.545454545455","1.5"
"Top 14","2011/12","31.03.2012 07:15","Brive","Toulon","","14","9","","8","3","","1.0","0.8"
"Top 14","2011/12","31.03.2012 07:15","Lyon","Bordeaux Begles","","24","13","","14","10","","0.571428571429","1.375"
"Top 14","2011/12","31.03.2012 07:15","Montpellier Herault RC","Agen","","44","18","","16","10","","0.0909090909091","8.0"
"Top 14","2011/12","31.03.2012 07:15","Usap Perpignan","Bayonne","","47","9","","16","9","","0.25","3.0"
"Top 14","2011/12","31.03.2012 07:05","Biarritz","Clermont","","15","14","","6","14","","0.444444444444","1.8"
"Top 14","2011/12","30.03.2012 13:45","Racing 92","Castres Olympique","","27","16","","8","6","","0.285714285714","2.75"
"Top 14","2011/12","24.03.2012 14:45","Bayonne","Brive","","19","12","","6","6","","0.285714285714","2.75"
"Top 14","2011/12","24.03.2012 10:15","Toulon","Racing 92","","32","20","","19","20","","0.2","3.5"
"Top 14","2011/12","24.03.2012 08:15","Castres Olympique","Montpellier Herault RC","","27","18","","14","5","","0.363636363636","2.2"
"Top 14","2011/12","24.03.2012 08:15","Clermont","Usap Perpignan","","29","23","","17","13","","0.0909090909091","7.5"
"Top 14","2011/12","24.03.2012 08:15","Lyon","Biarritz","","17","34","","10","10","","1.2","0.666666666667"
"Top 14","2011/12","24.03.2012 08:15","Stade Francais","Agen","","53","27","","25","13","","0.0909090909091","6.5"
"Top 14","2011/12","23.03.2012 14:45","Bordeaux Begles","Stade Toulousain","","18","17","","12","9","","2.75","0.285714285714"
"Top 14","2011/12","10.03.2012 13:30","Usap Perpignan","Toulon","","22","22","","6","16","","0.571428571429","1.375"
"Top 14","2011/12","10.03.2012 07:15","Agen","Clermont","","20","29","","11","12","","0.714285714286","1.1"
"Top 14","2011/12","10.03.2012 07:15","Biarritz","Brive","","26","11","","9","6","","0.125","5.0"
"Top 14","2011/12","10.03.2012 07:15","Montpellier Herault RC","Bayonne","","37","26","","19","9","","0.142857142857","4.0"
"Top 14","2011/12","10.03.2012 07:15","Stade Francais","Lyon","","40","19","","23","6","","0.0909090909091","8.0"
"Top 14","2011/12","10.03.2012 06:50","Stade Toulousain","Castres Olympique","","34","27","","10","14","","0.111111111111","5.5"
"Top 14","2011/12","09.03.2012 13:45","Racing 92","Bordeaux Begles","","22","13","","3","7","","0.0","9.0"
"Top 14","2011/12","03.03.2012 13:45","Castres Olympique","Lyon","","6","6","","6","6","","0.0","9.0"
"Top 14","2011/12","03.03.2012 09:15","Clermont","Stade Toulousain","","35","5","","12","5","","0.333333333333","2.4"
"Top 14","2011/12","03.03.2012 07:15","Agen","Usap Perpignan","","22","17","","7","6","","0.333333333333","2.4"
"Top 14","2011/12","03.03.2012 07:15","Biarritz","Bordeaux Begles","","38","13","","17","3","","0.285714285714","2.75"
"Top 14","2011/12","03.03.2012 07:15","Brive","Stade Francais","","25","9","","11","9","","0.545454545455","1.5"
"Top 14","2011/12","03.03.2012 07:15","Racing 92","Bayonne","","22","21","","9","12","","0.2","3.5"
"Top 14","2011/12","02.03.2012 13:45","Toulon","Montpellier Herault RC","","19","6","","3","3","","0.2","3.5"
"Top 14","2011/12","24.02.2012 13:45","Agen","Castres Olympique","","23","12","","16","6","","0.5","1.625"
"Top 14","2011/12","24.02.2012 12:30","Lyon","Brive","","9","22","","9","12","","0.545454545455","1.5"
"Top 14","2011/12","18.02.2012 09:15","Stade Francais","Toulon","","19","19","","6","9","","0.5","1.625"
"Top 14","2011/12","18.02.2012 07:15","Bayonne","Clermont","","22","22","","9","16","","0.666666666667","1.2"
"Top 14","2011/12","18.02.2012 07:15","Bordeaux Begles","Montpellier Herault RC","","26","30","","10","13","","0.8","1.0"
"Top 14","2011/12","18.02.2012 07:15","Brive","Castres Olympique","","13","15","","8","3","","0.571428571429","1.375"
"Top 14","2011/12","18.02.2012 07:15","Lyon","Racing 92","","22","33","","3","21","","0.714285714286","1.1"
"Top 14","2011/12","18.02.2012 07:15","Stade Toulousain","Agen","","21","10","","13","10","","0.0","14.0"
"Top 14","2011/12","17.02.2012 13:45","Usap Perpignan","Biarritz","","25","6","","9","6","","0.363636363636","2.2"
"Top 14","2011/12","11.02.2012 07:30","Clermont","Racing 92","","31","13","","21","3","","0.142857142857","4.0"
"Top 14","2011/12","11.02.2012 07:00","Bayonne","Stade Francais","","26","20","","13","3","","0.333333333333","2.4"
"Top 14","2011/12","11.02.2012 07:00","Toulon","Bordeaux Begles","","44","7","","23","0","","0.0","12.0"
"Top 14","2011/12","10.02.2012 14:00","Biarritz","Stade Toulousain","","15","20","","6","17","","0.571428571429","1.375"
"Top 14","2011/12","10.02.2012 12:00","Montpellier Herault RC","Usap Perpignan","","22","11","","15","8","","0.222222222222","3.33333333333"
"Top 14","2011/12","03.02.2012 13:45","Bordeaux Begles","Lyon","","31","10","","14","3","","0.4","2.0"
"Top 14","2011/12","28.01.2012 13:45","Bordeaux Begles","Clermont","","10","17","","10","8","","1.375","0.571428571429"
"Top 14","2011/12","28.01.2012 09:15","Racing 92","Stade Toulousain","","13","19","","0","6","","0.4","2.0"
"Top 14","2011/12","28.01.2012 07:15","Brive","Usap Perpignan","","17","9","","10","9","","0.5","1.625"
"Top 14","2011/12","28.01.2012 07:15","Castres Olympique","Biarritz","","29","23","","10","7","","0.444444444444","1.8"
"Top 14","2011/12","28.01.2012 07:15","Lyon","Agen","","19","11","","10","6","","0.444444444444","1.8"
"Top 14","2011/12","28.01.2012 07:15","Toulon","Bayonne","","50","10","","15","3","","0.111111111111","5.5"
"Top 14","2011/12","27.01.2012 13:45","Montpellier Herault RC","Stade Francais","","38","6","","13","3","","0.333333333333","2.4"
"Top 14","2011/12","08.01.2012 14:00","Clermont","Toulon","","25","19","","12","16","","0.25","3.0"
"Top 14","2011/12","07.01.2012 09:15","Usap Perpignan","Racing 92","","14","14","","8","6","","0.4","2.0"
"Top 14","2011/12","07.01.2012 07:15","Bayonne","Bordeaux Begles","","20","27","","6","20","","0.111111111111","5.5"
"Top 14","2011/12","07.01.2012 07:15","Brive","Montpellier Herault RC","","9","23","","6","13","","0.8","1.0"
"Top 14","2011/12","07.01.2012 07:15","Stade Francais","Castres Olympique","","38","21","","28","7","","0.222222222222","3.33333333333"
"Top 14","2011/12","07.01.2012 07:15","Stade Toulousain","Lyon","","51","10","","23","10","","0.0","12.0"
"Top 14","2011/12","06.01.2012 13:45","Agen","Biarritz","","6","15","","3","6","","0.363636363636","2.2"
"Top 14","2011/12","31.12.2011 09:15","Biarritz","Toulon","","25","6","","19","0","","0.666666666667","1.2"
"Top 14","2011/12","31.12.2011 07:15","Agen","Brive","","15","9","","3","6","","0.25","3.0"
"Top 14","2011/12","31.12.2011 07:15","Bordeaux Begles","Stade Francais","","39","6","","13","6","","2.0","0.4"
"Top 14","2011/12","31.12.2011 07:15","Castres Olympique","Usap Perpignan","","33","6","","13","6","","0.25","3.0"
"Top 14","2011/12","31.12.2011 07:15","Lyon","Clermont","","6","6","","3","0","","2.5","0.3"
"Top 14","2011/12","31.12.2011 07:05","Montpellier Herault RC","Racing 92","","29","14","","8","7","","0.363636363636","2.2"
"Top 14","2011/12","30.12.2011 14:00","Stade Toulousain","Bayonne","","30","15","","15","12","","0.0909090909091","7.0"
"Top 14","2011/12","23.12.2011 14:00","Montpellier Herault RC","Stade Toulousain","","25","45","","6","26","","0.6","1.28571428571"
"Top 14","2011/12","23.12.2011 13:30","Racing 92","Agen","","26","8","","19","3","","0.1","6.0"
"Top 14","2011/12","23.12.2011 12:30","Bayonne","Castres Olympique","","16","16","","6","13","","0.444444444444","1.8"
"Top 14","2011/12","23.12.2011 12:30","Stade Francais","Biarritz","","23","10","","16","0","","0.142857142857","4.0"
"Top 14","2011/12","23.12.2011 12:30","Toulon","Lyon","","20","15","","9","6","","0.0","10.0"
"Top 14","2011/12","23.12.2011 12:30","Usap Perpignan","Bordeaux Begles","","38","13","","6","13","","0.1","6.0"
"Top 14","2011/12","23.12.2011 12:00","Brive","Clermont","","6","9","","3","6","","1.0","0.8"
"Top 14","2011/12","13.12.2011 13:45","Toulon","Agen","","34","12","","19","9","","0.1","6.0"
"Top 14","2011/12","04.12.2011 10:05","Biarritz","Montpellier Herault RC","","23","30","","11","8","","0.363636363636","2.2"
"Top 14","2011/12","04.12.2011 08:00","Agen","Bayonne","","37","18","","9","5","","0.363636363636","2.2"
"Top 14","2011/12","04.12.2011 08:00","Lyon","Usap Perpignan","","19","12","","13","9","","0.8","1.0"
"Top 14","2011/12","03.12.2011 09:15","Stade Francais","Racing 92","","29","3","","16","0","","0.4","2.0"
"Top 14","2011/12","03.12.2011 07:15","Clermont","Castres Olympique","","33","16","","16","9","","0.1","6.0"
"Top 14","2011/12","03.12.2011 07:05","Stade Toulousain","Toulon","","33","12","","13","12","","0.3","2.5"
"Top 14","2011/12","02.12.2011 13:45","Bordeaux Begles","Brive","","16","12","","6","6","","0.444444444444","1.8"
"Top 14","2011/12","30.11.2011 13:00","Lyon","Montpellier Herault RC","","10","30","","0","14","","0.5","1.625"
"Top 14","2011/12","29.11.2011 13:45","Biarritz","Bayonne","","21","19","","12","6","","0.222222222222","3.33333333333"
"Top 14","2011/12","26.11.2011 13:45","Agen","Bordeaux Begles","","24","15","","12","9","","0.142857142857","4.0"
"Top 14","2011/12","26.11.2011 09:15","Castres Olympique","Toulon","","22","22","","6","19","","0.4","2.0"
"Top 14","2011/12","26.11.2011 07:15","Brive","Stade Toulousain","","9","9","","0","6","","1.625","0.5"
"Top 14","2011/12","26.11.2011 07:15","Montpellier Herault RC","Clermont","","29","23","","16","6","","0.666666666667","1.2"
"Top 14","2011/12","25.11.2011 13:45","Usap Perpignan","Stade Francais","","16","35","","9","17","","0.333333333333","2.4"
"Top 14","2011/12","25.11.2011 13:30","Racing 92","Biarritz","","28","9","","8","9","","0.125","5.0"
"Top 14","2011/12","25.11.2011 13:00","Bayonne","Lyon","","15","9","","3","6","","0.142857142857","4.0"
"Top 14","2011/12","05.11.2011 10:15","Stade Francais","Clermont","","37","16","","17","9","","0.571428571429","1.375"
"Top 14","2011/12","05.11.2011 08:15","Bordeaux Begles","Castres Olympique","","24","9","","11","3","","1.25","0.6"
"Top 14","2011/12","05.11.2011 08:05","Stade Toulousain","Usap Perpignan","","21","17","","12","10","","0.111111111111","5.5"
"Top 14","2011/12","04.11.2011 14:45","Brive","Racing 92","","12","18","","3","3","","0.714285714286","1.1"
"Top 14","2011/12","29.10.2011 13:45","Agen","Montpellier Herault RC","","18","12","","9","9","","0.4","2.0"
"Top 14","2011/12","29.10.2011 09:15","Stade Toulousain","Stade Francais","","18","15","","10","9","","0.0909090909091","8.0"
"Top 14","2011/12","29.10.2011 07:15","Bayonne","Usap Perpignan","","18","16","","12","3","","0.363636363636","2.2"
"Top 14","2011/12","29.10.2011 07:15","Clermont","Biarritz","","41","0","","20","0","","0.0","11.0"
"Top 14","2011/12","29.10.2011 07:15","Toulon","Brive","","18","3","","6","0","","0.0","10.0"
"Top 14","2011/12","28.10.2011 13:45","Castres Olympique","Racing 92","","19","23","","13","13","","0.111111111111","5.5"
"Top 14","2011/12","22.10.2011 09:15","Racing 92","Toulon","","9","16","","6","13","","0.333333333333","2.4"
"Top 14","2011/12","22.10.2011 07:15","Agen","Stade Francais","","37","13","","23","6","","0.4","2.0"
"Top 14","2011/12","22.10.2011 07:15","Biarritz","Lyon","","15","15","","10","10","","0.2","3.5"
"Top 14","2011/12","22.10.2011 07:15","Brive","Bayonne","","30","10","","7","0","","0.4","2.0"
"Top 14","2011/12","22.10.2011 07:15","Montpellier Herault RC","Castres Olympique","","16","21","","10","9","","0.545454545455","1.5"
"Top 14","2011/12","22.10.2011 07:15","Stade Toulousain","Bordeaux Begles","","56","6","","11","6","","None","25.0"
"Top 14","2011/12","21.10.2011 13:45","Usap Perpignan","Clermont","","3","39","","3","25","","0.5","1.625"
"Top 14","2011/12","16.10.2011 09:05","Lyon","Stade Francais","","18","6","","12","6","","0.571428571429","1.375"
"Top 14","2011/12","15.10.2011 09:00","Toulon","Usap Perpignan","","38","0","","17","0","","0.125","4.5"
"Top 14","2011/12","14.10.2011 13:50","Castres Olympique","Stade Toulousain","","24","3","","12","0","","0.333333333333","2.4"
"Top 14","2011/12","14.10.2011 13:00","Bayonne","Montpellier Herault RC","","17","26","","10","10","","0.333333333333","2.4"
"Top 14","2011/12","14.10.2011 13:00","Bordeaux Begles","Racing 92","","22","18","","7","9","","1.625","0.5"
"Top 14","2011/12","14.10.2011 13:00","Brive","Biarritz","","32","7","","10","0","","0.666666666667","1.2"
"Top 14","2011/12","14.10.2011 13:00","Clermont","Agen","","29","13","","10","0","","0.666666666667","1.2"
"Top 14","2011/12","01.10.2011 09:00","Stade Toulousain","Clermont","","22","9","","15","3","","0.363636363636","2.2"
"Top 14","2011/12","30.09.2011 13:45","Montpellier Herault RC","Toulon","","19","6","","9","3","","1.375","0.571428571429"
"Top 14","2011/12","30.09.2011 13:00","Bayonne","Racing 92","","27","23","","12","10","","0.5","1.625"
"Top 14","2011/12","30.09.2011 13:00","Bordeaux Begles","Biarritz","","11","13","","6","0","","0.714285714286","1.1"
"Top 14","2011/12","30.09.2011 13:00","Lyon","Castres Olympique","","16","18","","9","9","","1.0","0.8"
"Top 14","2011/12","30.09.2011 13:00","Stade Francais","Brive","","28","17","","15","14","","0.1","6.0"
"Top 14","2011/12","30.09.2011 13:00","Usap Perpignan","Agen","","12","19","","3","13","","0.1","6.0"
"Top 14","2011/12","24.09.2011 09:00","Toulon","Stade Francais","","34","8","","24","5","","0.125","5.0"
"Top 14","2011/12","23.09.2011 13:45","Agen","Stade Toulousain","","23","24","","3","14","","0.8","1.0"
"Top 14","2011/12","23.09.2011 13:00","Biarritz","Usap Perpignan","","24","29","","21","12","","0.444444444444","1.8"
"Top 14","2011/12","23.09.2011 13:00","Castres Olympique","Brive","","30","24","","12","12","","0.0","10.0"
"Top 14","2011/12","23.09.2011 13:00","Clermont","Bayonne","","19","13","","13","7","","0.0909090909091","7.5"
"Top 14","2011/12","23.09.2011 13:00","Montpellier Herault RC","Bordeaux Begles","","16","20","","10","10","","0.0909090909091","7.0"
"Top 14","2011/12","23.09.2011 13:00","Racing 92","Lyon","","25","12","","16","7","","0.0","9.0"
"Top 14","2011/12","17.09.2011 09:00","Racing 92","Clermont","","11","22","","6","10","","0.25","3.0"
"Top 14","2011/12","16.09.2011 13:45","Stade Toulousain","Biarritz","","24","0","","3","0","","0.0909090909091","6.5"
"Top 14","2011/12","16.09.2011 13:00","Bordeaux Begles","Toulon","","16","27","","3","9","","1.8","0.444444444444"
"Top 14","2011/12","16.09.2011 13:00","Brive","Lyon","","12","15","","9","12","","0.333333333333","2.4"
"Top 14","2011/12","16.09.2011 13:00","Castres Olympique","Agen","","30","11","","22","3","","0.0909090909091","6.5"
"Top 14","2011/12","16.09.2011 13:00","Stade Francais","Bayonne","","33","18","","24","12","","0.25","3.0"
"Top 14","2011/12","16.09.2011 13:00","Usap Perpignan","Montpellier Herault RC","","19","12","","9","3","","0.25","3.0"
"Top 14","2011/12","10.09.2011 09:00","Stade Toulousain","Racing 92","","41","36","","25","16","","0.3","2.5"
"Top 14","2011/12","09.09.2011 13:45","Stade Francais","Montpellier Herault RC","","19","19","","13","6","","0.2","3.5"
"Top 14","2011/12","09.09.2011 13:00","Agen","Lyon","","24","18","","9","13","","0.142857142857","4.0"
"Top 14","2011/12","09.09.2011 13:00","Bayonne","Toulon","","12","12","","9","6","","0.363636363636","2.2"
"Top 14","2011/12","09.09.2011 13:00","Biarritz","Castres Olympique","","18","23","","9","12","","0.571428571429","1.375"
"Top 14","2011/12","09.09.2011 13:00","Clermont","Bordeaux Begles","","34","6","","20","3","","0.0","14.0"
"Top 14","2011/12","09.09.2011 13:00","Usap Perpignan","Brive","","12","9","","6","6","","0.0909090909091","7.0"
"Top 14","2011/12","04.09.2011 14:00","Lyon","Stade Toulousain","","9","19","","3","13","","2.2","0.363636363636"
"Top 14","2011/12","03.09.2011 13:45","Bordeaux Begles","Bayonne","","18","6","","9","6","","1.375","0.571428571429"
"Top 14","2011/12","03.09.2011 09:20","Toulon","Clermont","","0","17","","0","11","","0.125","4.5"
"Top 14","2011/12","03.09.2011 07:15","Biarritz","Agen","","9","9","","6","6","","0.125","4.5"
"Top 14","2011/12","03.09.2011 07:15","Castres Olympique","Stade Francais","","35","10","","23","3","","0.25","3.0"
"Top 14","2011/12","03.09.2011 07:15","Montpellier Herault RC","Brive","","12","28","","9","9","","0.111111111111","5.5"
"Top 14","2011/12","03.09.2011 07:15","Racing 92","Usap Perpignan","","47","23","","23","9","","0.2","3.5"
"Top 14","2011/12","27.08.2011 10:00","Toulon","Biarritz","","30","5","","20","5","","0.1","6.0"
"Top 14","2011/12","26.08.2011 13:00","Brive","Agen","","19","20","","16","3","","0.571428571429","1.375"
"Top 14","2011/12","26.08.2011 13:00","Clermont","Lyon","","22","13","","12","10","","0.0909090909091","7.0"
"Top 14","2011/12","26.08.2011 13:00","Racing 92","Montpellier Herault RC","","30","22","","19","19","","0.125","4.5"
"Top 14","2011/12","26.08.2011 13:00","Stade Francais","Bordeaux Begles","","41","20","","24","14","","0.125","4.5"
"Top 14","2011/12","26.08.2011 13:00","Usap Perpignan","Castres Olympique","","25","6","","12","6","","0.571428571429","1.375"
"Top 14","2011/12","26.08.2011 11:45","Bayonne","Stade Toulousain","","18","13","","9","0","","0.4","2.0"